name,obs_mean,obs_std,obs_min,obs_max,obs_stat_min,obs_stat_max,sim_mean,sim_std,sim_min,sim_max,sim_stat_min,sim_stat_max,distance
oname:hds_otype:lst_usecol:simulatedequivalent_observationname:06e001m_25,-3.89947,0.539469,-5.25322,-2.55046,-3.36,-4.43894,18.8587,14.835,-1.92989,79.8346,33.6937,4.02368,0.620575
oname:hds_otype:lst_usecol:simulatedequivalent_observationname:17c001m_147,-6.41052,0.491846,-7.74678,-4.34389,-5.91867,-6.90237,1.55086,3.72734,-3.54961,21.2333,5.2782,-2.17649,0.794284
oname:hds_otype:lst_usecol:simulatedequivalent_observationname:30j003m_106,-2.37326,0.487442,-3.78398,-0.902618,-1.88582,-2.8607,-21.9833,10.9459,-74.4163,-4.48137,-11.0373,-32.9292,0.697383
oname:hds_otype:lst_usecol:simulatedequivalent_observationname:30j003m_108,-3.33176,0.499861,-4.8523,-1.76335,-2.8319,-3.83162,-150.422,1409.64,-17298.8,-7.76869,1259.22,-1560.06,2.91639
oname:hds_otype:lst_usecol:simulatedequivalent_observationname:30j003m_109,-1.66533,0.497398,-2.71104,-0.283827,-1.16793,-2.16273,-502.131,5816.62,-71265.7,-3.8866,5314.49,-6318.75,1.17556
oname:hds_otype:lst_usecol:simulatedequivalent_observationname:30j003m_117,-3.13269,0.473102,-4.04841,-1.54518,-2.65959,-3.6058,-21289.4,260396,-3.18921e+06,-5.73304,239106,-281685,1.68463
oname:hds_otype:lst_usecol:simulatedequivalent_observationname:30j003m_126,-1.81646,0.505337,-3.24127,-0.523742,-1.31113,-2.3218,-44481.6,544578,-6.66971e+06,-3.38697,500097,-589060,0.145704
oname:hds_otype:lst_usecol:simulatedequivalent_observationname:30j003m_127,-2.34394,0.489198,-3.65094,-1.13479,-1.85474,-2.83314,-46473.6,568849,-6.96698e+06,-6.18734,522375,-615323,2.53641
oname:hds_otype:lst_usecol:simulatedequivalent_observationname:30j003m_128,-2.79052,0.535567,-4.12748,-1.29665,-2.25496,-3.32609,-48626.5,595131,-7.28888e+06,-7.41215,546505,-643758,3.28467
oname:hds_otype:lst_usecol:simulatedequivalent_observationname:30j003m_129,-3.22249,0.503535,-4.63907,-1.82952,-2.71896,-3.72602,-51195.4,626554,-7.67372e+06,-7.59976,575358,-677749,2.96069
oname:hds_otype:lst_usecol:simulatedequivalent_observationname:30j003m_130,-3.38283,0.545138,-4.74601,-1.69284,-2.8377,-3.92797,-52951.2,648081,-7.93737e+06,-5.78858,595130,-701032,1.04257
oname:hds_otype:lst_usecol:simulatedequivalent_observationname:30j003m_139,-2.66745,0.484393,-3.89987,-1.48326,-2.18306,-3.15184,-69812.8,854600,-1.04667e+07,-7.349,784787,-924412,3.44914
oname:hds_otype:lst_usecol:simulatedequivalent_observationname:30j003m_140,-2.8669,0.49665,-4.12489,-1.68904,-2.37025,-3.36355,-70704.4,865480,-1.06e+07,-7.96986,794776,-936185,3.84497
oname:hds_otype:lst_usecol:simulatedequivalent_observationname:30j003m_141,-2.57807,0.513855,-4.11811,-1.57988,-2.06422,-3.09193,-73387.9,898377,-1.10029e+07,-4.61774,824989,-971765,0.499629
oname:hds_otype:lst_usecol:simulatedequivalent_observationname:30j003m_149,-2.62645,0.516807,-4.39975,-1.38375,-2.10964,-3.14325,-88735.5,1.08634e+06,-1.3305e+07,-6.39379,997608,-1.17508e+06,1.99404
oname:hds_otype:lst_usecol:simulatedequivalent_observationname:30j003m_158,-2.38176,0.463939,-3.60193,-1.14476,-1.91782,-2.8457,-100392,1.22916e+06,-1.50541e+07,-7.00089,1.12877e+06,-1.32955e+06,3.39896
oname:hds_otype:lst_usecol:simulatedequivalent_observationname:30j003m_159,-2.50515,0.457001,-3.63785,-1.34766,-2.04815,-2.96215,-101445,1.24205e+06,-1.5212e+07,-5.90668,1.14061e+06,-1.3435e+06,2.26883
oname:hds_otype:lst_usecol:simulatedequivalent_observationname:30j003m_160,-2.24231,0.524733,-3.48455,-0.877195,-1.71758,-2.76704,-101963,1.24842e+06,-1.529e+07,-4.29299,1.14646e+06,-1.35038e+06,0.808435
oname:hds_otype:lst_usecol:simulatedequivalent_observationname:30j003m_169,-2.33611,0.501361,-3.78242,-1.23349,-1.83475,-2.83747,-110507,1.35301e+06,-1.65709e+07,-7.44738,1.2425e+06,-1.46352e+06,3.66496
oname:hds_otype:lst_usecol:simulatedequivalent_observationname:30j003m_170,-2.68714,0.508727,-3.77244,-1.27378,-2.17842,-3.19587,-111245,1.362e+06,-1.6681e+07,-7.80929,1.25075e+06,-1.47324e+06,4.03685
oname:hds_otype:lst_usecol:simulatedequivalent_observationname:30j003m_171,-0.691355,0.519468,-1.90527,0.675107,-0.171887,-1.21082,-112274,1.37472e+06,-1.68369e+07,-2.88323,1.26245e+06,-1.487e+06,0.977958
oname:hds_otype:lst_usecol:simulatedequivalent_observationname:30j003m_175,-1.87812,0.506903,-3.4902,-0.956429,-1.37121,-2.38502,-118336,1.44906e+06,-1.77474e+07,-4.88414,1.33073e+06,-1.5674e+06,1.39394
oname:hds_otype:lst_usecol:simulatedequivalent_observationname:30j003m_176,-2.69834,0.503841,-3.96724,-1.22457,-2.1945,-3.20218,-119973,1.46902e+06,-1.79918e+07,-5.49454,1.34905e+06,-1.58899e+06,1.5273
oname:hds_otype:lst_usecol:simulatedequivalent_observationname:30j003m_177,-2.73807,0.514967,-4.1173,-1.55229,-2.22311,-3.25304,-120337,1.4735e+06,-1.80467e+07,-4.28036,1.35317e+06,-1.59384e+06,0.16306
oname:hds_otype:lst_usecol:simulatedequivalent_observationname:30j003m_185,-2.39218,0.511904,-3.87987,-0.982554,-1.88028,-2.90409,-126489,1.54884e+06,-1.89694e+07,-5.68115,1.42235e+06,-1.67533e+06,1.80127
oname:hds_otype:lst_usecol:simulatedequivalent_observationname:30j003m_193,-2.0705,0.541389,-3.64259,-0.612283,-1.52911,-2.61189,-130803,1.60179e+06,-1.96178e+07,-3.88197,1.47098e+06,-1.73259e+06,0.239373
oname:hds_otype:lst_usecol:simulatedequivalent_observationname:30j003m_194,-2.49002,0.495349,-3.96884,-1.05115,-1.99467,-2.98537,-131726,1.61288e+06,-1.97538e+07,-7.38962,1.48116e+06,-1.74461e+06,3.42078
oname:hds_otype:lst_usecol:simulatedequivalent_observationname:30j003m_195,-2.67105,0.490367,-4.47303,-1.45632,-2.18068,-3.16141,-132227,1.61899e+06,-1.98285e+07,-7.67187,1.48676e+06,-1.75122e+06,3.19885
oname:hds_otype:lst_usecol:simulatedequivalent_observationname:30j003m_196,-1.08332,0.520449,-2.27395,1.03772,-0.562874,-1.60377,-132651,1.62428e+06,-1.98933e+07,-4.17311,1.49163e+06,-1.75693e+06,1.89916
oname:hds_otype:lst_usecol:simulatedequivalent_observationname:30j003m_38,-3.1236,0.45244,-4.27566,-1.80857,-2.67116,-3.57604,-29.9682,9.9957,-67.3124,-8.9128,-19.9725,-39.9639,4.63713
oname:hds_otype:lst_usecol:simulatedequivalent_observationname:30j003m_40,-3.2003,0.516989,-4.33746,-1.7436,-2.68331,-3.71728,-30.7151,10.9108,-74.3119,-8.21884,-19.8043,-41.6258,3.88138
oname:hds_otype:lst_usecol:simulatedequivalent_observationname:30j003m_42,-2.97007,0.489508,-4.31139,-1.84554,-2.48056,-3.45958,-32.1701,14.186,-91.6564,-6.47906,-17.9841,-46.3561,2.16767
oname:hds_otype:lst_usecol:simulatedequivalent_observationname:30j003m_44,-3.07174,0.486878,-4.40369,-1.77201,-2.58486,-3.55861,-30.0658,12.7649,-81.4681,-6.63242,-17.3008,-42.8307,2.22872
oname:hds_otype:lst_usecol:simulatedequivalent_observationname:30j003m_50,-3.69332,0.488056,-4.70623,-2.22396,-3.20526,-4.18138,-42.254,17.8993,-106.054,-7.2614,-24.3547,-60.1533,2.55518
oname:hds_otype:lst_usecol:simulatedequivalent_observationname:30j003m_52,-3.96908,0.572352,-5.60029,-2.59698,-3.39673,-4.54143,-61.5929,26.1073,-141.84,-15.8142,-35.4856,-87.7002,10.2139
oname:hds_otype:lst_usecol:simulatedequivalent_observationname:30j003m_54,-3.50387,0.556647,-4.91416,-2.00229,-2.94722,-4.06052,-60.6658,346.913,-4277.07,-6.08075,286.247,-407.579,1.1666
oname:hds_otype:lst_usecol:simulatedequivalent_observationname:30j003m_56,-3.31384,0.529806,-4.71675,-1.90154,-2.78403,-3.84365,-31.4479,24.6489,-283.058,-6.811,-6.79897,-56.0969,2.09425
oname:hds_otype:lst_usecol:simulatedequivalent_observationname:30j003m_58,-3.84317,0.492169,-5.37769,-2.3299,-3.351,-4.33534,-30.7066,16.5025,-174.838,-6.64155,-14.2041,-47.209,1.26385
oname:hds_otype:lst_usecol:simulatedequivalent_observationname:30j003m_60,-3.75804,0.468059,-4.96239,-2.5583,-3.28998,-4.22609,-31.3257,13.7055,-89.5407,-7.13052,-17.6201,-45.0312,2.16813
oname:hds_otype:lst_usecol:simulatedequivalent_observationname:30j003m_66,-3.69277,0.507258,-5.03125,-2.4781,-3.18551,-4.20003,-28.8143,10.4007,-62.8829,-6.36414,-18.4136,-39.215,1.33288
oname:hds_otype:lst_usecol:simulatedequivalent_observationname:30j003m_72,-3.55126,0.498712,-5.12354,-2.36102,-3.05255,-4.04998,-28.5003,10.2509,-66.3235,-8.01674,-18.2494,-38.7512,2.8932
oname:hds_otype:lst_usecol:simulatedequivalent_observationname:30j003m_73,-3.8374,0.490988,-5.05622,-2.68453,-3.34641,-4.32839,-28.5837,10.6882,-65.7814,-6.98605,-17.8955,-39.2719,1.92983
oname:hds_otype:lst_usecol:simulatedequivalent_observationname:30j003m_74,-3.75338,0.506214,-4.89301,-2.48559,-3.24716,-4.25959,-23.2794,10.5033,-58.9461,-5.37064,-12.7761,-33.7827,0.477631
oname:hds_otype:lst_usecol:simulatedequivalent_observationname:30j003m_84,-2.29869,0.512638,-3.64198,-0.462827,-1.78605,-2.81133,-15.3589,6.31324,-45.7021,-3.71347,-9.04566,-21.6722,0.0714895
oname:hds_otype:lst_usecol:simulatedequivalent_observationname:30j003m_95,-2.4166,0.482403,-3.43983,-1.32609,-1.93419,-2.899,-18.1108,8.33105,-55.5108,-4.15494,-9.77979,-26.4419,0.715114
oname:hds_otype:lst_usecol:simulatedequivalent_observationname:30j003m_96,-2.77983,0.502912,-3.94564,-1.03426,-2.27692,-3.28274,-23.2432,10.0601,-65.255,-5.08664,-13.1831,-33.3033,1.141
oname:hds_otype:lst_usecol:simulatedequivalent_observationname:30j003m_97,-2.92507,0.475855,-4.63148,-1.57308,-2.44921,-3.40092,-26.2002,11.0845,-70.7112,-5.23282,-15.1157,-37.2846,0.601339
oname:hds_otype:lst_usecol:simulatedequivalent_observationname:30j003m_98,-3.05046,0.458718,-4.06888,-1.74635,-2.59174,-3.50917,-23.975,12.2357,-69.3969,-4.80579,-11.7393,-36.2108,0.736916
oname:hds_otype:lst_usecol:simulatedequivalent_observationname:g03-04_231,3.56317,0.513877,1.74683,5.09859,4.07704,3.04929,1476.7,17646,5.17399,216154,19122.7,-16169.3,0.0754006
oname:hds_otype:lst_usecol:simulatedequivalent_observationname:h06-04_52670,8.33343,0.501558,7.14719,9.49227,8.83499,7.83187,-807.385,8611.81,-104205,6.59242,7804.42,-9419.19,0.554769
oname:hds_otype:lst_usecol:simulatedequivalent_observationname:h06-04_53054,8.45765,0.533121,7.33894,9.76685,8.99077,7.92453,-1294.03,13791.1,-166930,4.5993,12497.1,-15085.1,2.73964
oname:hds_otype:lst_usecol:simulatedequivalent_observationname:h06-04_53147,2.49585,0.525126,1.37129,3.87984,3.02098,1.97073,-1601.33,17059.7,-206538,0.417057,15458.3,-18661,0.954234
oname:hds_otype:lst_usecol:simulatedequivalent_observationname:h08-02_514,-3.01564,0.4762,-4.05668,-1.47213,-2.53944,-3.49184,-2049.86,24355.6,-298308,-4.22207,22305.7,-26405.4,0.16539
oname:hds_otype:lst_usecol:simulatedequivalent_observationname:j07-03_739,0.141039,0.48916,-1.03342,1.1803,0.630199,-0.348121,7.35894,2.74862,1.69219,15.581,10.1076,4.61032,0.511896
oname:hds_otype:lst_usecol:simulatedequivalent_observationname:j07-03_741,1.00305,0.469665,-0.0783128,2.32408,1.47271,0.533385,8.78342,3.0527,2.67064,18.4022,11.8361,5.73072,0.346561
oname:hds_otype:lst_usecol:simulatedequivalent_observationname:j07-03_742,-0.365071,0.490804,-1.59337,0.793279,0.125733,-0.855874,5.80317,2.92234,1.29228,17.6786,8.72551,2.88083,0.499005
oname:hds_otype:lst_usecol:simulatedequivalent_observationname:j07-03_743,1.75218,0.477966,0.622054,2.92737,2.23015,1.27421,9.73822,3.05586,3.79147,19.9491,12.7941,6.68237,0.8641
oname:hds_otype:lst_usecol:simulatedequivalent_observationname:j07-03_744,-0.287245,0.488829,-1.48109,0.991583,0.201584,-0.776074,6.31591,3.16029,1.32036,19.4435,9.4762,3.15562,0.328772
oname:hds_otype:lst_usecol:simulatedequivalent_observationname:j07-03_745,0.309167,0.448111,-0.910977,1.50348,0.757279,-0.138944,8.56462,2.96882,3.27562,20.5267,11.5334,5.59581,1.77214
oname:hds_otype:lst_usecol:simulatedequivalent_observationname:j07-03_747,-0.758326,0.480801,-1.81753,0.292083,-0.277526,-1.23913,9.23445,3.30258,2.8145,21.3694,12.537,5.93187,2.52242
oname:hds_otype:lst_usecol:simulatedequivalent_observationname:j07-03_748,-1.99902,0.542786,-3.24499,-0.60797,-1.45624,-2.54181,5.98869,3.5855,0.323627,20.6874,9.5742,2.40319,0.931597
oname:hds_otype:lst_usecol:simulatedequivalent_observationname:j07-03_749,0.167621,0.486635,-1.04208,1.29512,0.654256,-0.319014,10.0779,3.40538,4.25267,22.6257,13.4833,6.67251,2.95755
oname:hds_otype:lst_usecol:simulatedequivalent_observationname:j07-03_750,-1.3836,0.515855,-2.4963,-0.0479174,-0.867742,-1.89945,6.39957,3.62749,0.940959,21.4432,10.0271,2.77208,0.988877
oname:hds_otype:lst_usecol:simulatedequivalent_observationname:j07-03_751,-0.831945,0.515679,-2.42061,0.392593,-0.316266,-1.34762,9.23083,3.38222,3.12984,22.724,12.6131,5.84861,2.73725
oname:hds_otype:lst_usecol:simulatedequivalent_observationname:j07-03_752,-2.21905,0.497638,-3.53175,-1.07726,-1.72141,-2.71669,6.28298,3.81616,0.210245,21.7471,10.0991,2.46683,1.28751
oname:hds_otype:lst_usecol:simulatedequivalent_observationname:j07-03_753,-1.11589,0.527266,-2.68181,0.092159,-0.588625,-1.64316,8.00422,3.38894,2.82417,22.4066,11.3932,4.61527,2.73201
oname:hds_otype:lst_usecol:simulatedequivalent_observationname:j07-03_755,-1.46549,0.500886,-2.96967,-0.257034,-0.964603,-1.96637,9.16716,3.51113,2.75419,22.8426,12.6783,5.65603,3.01122
oname:hds_otype:lst_usecol:simulatedequivalent_observationname:j07-03_756,-2.67342,0.457151,-4.04424,-1.36201,-2.21627,-3.13057,6.30133,3.93198,-0.301268,21.9993,10.2333,2.36936,1.06074
oname:hds_otype:lst_usecol:simulatedequivalent_observationname:j07-03_757,-2.17998,0.500845,-3.38946,-1.04081,-1.67914,-2.68083,8.48103,3.61839,1.12449,22.6374,12.0994,4.86264,2.1653
oname:hds_otype:lst_usecol:simulatedequivalent_observationname:j12-05_1096,-11.4104,0.445543,-12.4831,-10.3456,-10.9648,-11.8559,-4546.51,53115.1,-650340,-13.2511,48568.6,-57661.7,0.767945
oname:hds_otype:lst_usecol:simulatedequivalent_observationname:j12-05_52738,-1.72508,0.502791,-2.88471,-0.166384,-1.22229,-2.22787,-4925,57848.4,-708295,-4.53183,52923.4,-62773.4,1.64712
oname:hds_otype:lst_usecol:simulatedequivalent_observationname:j12-05_52962,-15.6821,0.490587,-16.9172,-14.5584,-15.1915,-16.1727,-5335.97,62426.9,-764405,-19.4952,57091,-67762.9,2.57807
oname:hds_otype:lst_usecol:simulatedequivalent_observationname:j12-05_53089,-14.7615,0.514374,-16.3674,-13.4339,-14.2472,-15.2759,-5997.2,70326.5,-861178,-26.0941,64329.3,-76323.7,9.72675
oname:hds_otype:lst_usecol:simulatedequivalent_observationname:j12-06_1098,1.34087,0.471906,-0.0118441,2.55545,1.81277,0.86896,-166.874,1813.95,-22225.4,-0.463722,1647.07,-1980.82,0.451878
oname:hds_otype:lst_usecol:simulatedequivalent_observationname:j12-06_1099,1.83528,0.51133,0.365401,3.28219,2.34661,1.32395,-409.109,4485.02,-54945.9,-3.97786,4075.91,-4894.13,4.34326
oname:hds_otype:lst_usecol:simulatedequivalent_observationname:j12-06_1104,-8.53241,0.482433,-10.0067,-7.31206,-8.04998,-9.01485,-4529.58,52602.8,-644035,-14.2966,48073.2,-57132.4,4.28987
oname:hds_otype:lst_usecol:simulatedequivalent_observationname:j13-05_1184,-3.41597,0.493521,-4.51955,-2.22043,-2.92245,-3.90949,-4335.37,52181.8,-639168,-28.6183,47846.5,-56517.2,24.0987
oname:hds_otype:lst_usecol:simulatedequivalent_observationname:j13-05_1185,-6.53565,0.480155,-7.69879,-5.35157,-6.0555,-7.01581,-5898.83,70914.3,-868610,-37.6752,65015.5,-76813.2,29.9764
oname:hds_otype:lst_usecol:simulatedequivalent_observationname:j13-05_1186,-20.8585,0.55684,-22.2625,-19.43,-20.3017,-21.4154,-6696.41,79503,-973848,-59.72,72806.5,-86199.4,37.4575
oname:hds_otype:lst_usecol:simulatedequivalent_observationname:j13-05_1188,-20.8544,0.465412,-22.377,-19.7003,-20.3889,-21.3198,-7865.8,93446,-1.14452e+06,-38.9687,85580.2,-101312,16.5918
oname:hds_otype:lst_usecol:simulatedequivalent_observationname:j13-05_1190,-16.0774,0.4948,-17.4196,-15.0889,-15.5826,-16.5722,-8861.65,104610,-1.28122e+06,-41.7733,95748.2,-113471,24.3536
oname:hds_otype:lst_usecol:simulatedequivalent_observationname:j13-05_1191,-19.2998,0.48568,-20.6141,-17.8876,-18.8141,-19.7855,-9598.36,113168,-1.38601e+06,-55.4121,103569,-122766,34.798
oname:hds_otype:lst_usecol:simulatedequivalent_observationname:j13-05_1192,-3.50866,0.509463,-4.78551,-2.19728,-2.9992,-4.01813,-9165.36,108980,-1.33466e+06,-27.8057,99814.9,-118146,23.0202
oname:hds_otype:lst_usecol:simulatedequivalent_observationname:j13-05_52743,-8.13206,0.517711,-9.33319,-6.75156,-7.61435,-8.64977,-9849.91,116493,-1.42671e+06,-43.3179,106643,-126343,33.9847
oname:hds_otype:lst_usecol:simulatedequivalent_observationname:j13-05_52960,-12.1009,0.521638,-13.3446,-10.4092,-11.5793,-12.6225,-10252.9,121614,-1.4894e+06,-34.462,111361,-131867,21.1174
oname:hds_otype:lst_usecol:simulatedequivalent_observationname:j13-05_52975,-22.9469,0.531041,-24.3526,-21.5848,-22.4159,-23.4779,-10136.5,119444,-1.46289e+06,-63.2196,109307,-129580,38.867
oname:hds_otype:lst_usecol:simulatedequivalent_observationname:j13-05_53103,-21.0991,0.533101,-22.3699,-19.1313,-20.566,-21.6322,-10509.4,123915,-1.51765e+06,-70.5635,113406,-134425,48.1936
oname:hds_otype:lst_usecol:simulatedequivalent_observationname:k13-01_52979,-10.5984,0.451722,-12.1831,-9.55656,-10.1467,-11.0501,-4060.87,46873.3,-573705,-15.5132,42812.5,-50934.2,3.33013
oname:hds_otype:lst_usecol:simulatedequivalent_observationname:k13-01_53107,-14.0728,0.442032,-15.0087,-12.9006,-13.6308,-14.5149,-4428.5,51280.8,-627712,-20.7404,46852.3,-55709.3,5.73175
oname:hds_otype:lst_usecol:simulatedequivalent_observationname:k13-04_1371,-6.91508,0.469394,-8.02337,-5.91166,-6.44568,-7.38447,-22605,276188,-3.38265e+06,-8.21156,253583,-298793,0.188186
oname:hds_otype:lst_usecol:simulatedequivalent_observationname:k13-09_1500,92.902,0.496759,91.821,94.1168,93.3988,92.4053,138.425,2.49462,130.011,148.092,140.919,135.93,35.8944
oname:hds_otype:lst_usecol:simulatedequivalent_observationname:k13-09_1505,-25.9415,0.450216,-27.0553,-24.4578,-25.4913,-26.3917,-54.0031,8.99854,-93.1567,-28.7627,-45.0046,-63.0017,1.70743
oname:hds_otype:lst_usecol:simulatedequivalent_observationname:k13-09_1507,-32.3059,0.466943,-33.3451,-31.115,-31.8389,-32.7728,-62.0448,10.8175,-133.597,-39.4382,-51.2273,-72.8623,6.09315
oname:hds_otype:lst_usecol:simulatedequivalent_observationname:k13-09_1516,-6.90732,0.507385,-8.0663,-5.00754,-6.39993,-7.4147,0.846749,0.735834,-1.96868,3.4995,1.58258,0.110915,3.03886
oname:hds_otype:lst_usecol:simulatedequivalent_observationname:k13-09_1524,-19.4629,0.478029,-20.7017,-18.1109,-18.9849,-19.941,-8.27956,2.67059,-17.4033,-3.05902,-5.60898,-10.9502,0.707568
oname:hds_otype:lst_usecol:simulatedequivalent_observationname:k13-09_1533,-14.2645,0.524465,-15.4679,-12.8671,-13.74,-14.7889,-0.824044,2.26461,-11.9207,3.21238,1.44057,-3.08866,0.946385
oname:hds_otype:lst_usecol:simulatedequivalent_observationname:k13-09_1534,-11.082,0.510472,-12.354,-9.89405,-10.5715,-11.5925,0.858704,1.16936,-4.7672,4.26687,2.02806,-0.310654,5.12685
oname:hds_otype:lst_usecol:simulatedequivalent_observationname:k13-09_1535,-10.5457,0.510881,-11.6093,-8.96809,-10.0348,-11.0566,-1.9357,0.785623,-4.53991,0.116842,-1.15007,-2.72132,4.42818
oname:hds_otype:lst_usecol:simulatedequivalent_observationname:k13-09_1546,-17.4242,0.487057,-18.7716,-16.2126,-16.9371,-17.9112,-7.5654,2.39485,-15.7767,-2.9304,-5.17054,-9.96025,0.43597
oname:hds_otype:lst_usecol:simulatedequivalent_observationname:k13-09_1555,-15.5387,0.538827,-16.8508,-13.9989,-14.9998,-16.0775,-6.11867,2.29448,-13.0009,-1.22486,-3.8242,-8.41315,0.997957
oname:hds_otype:lst_usecol:simulatedequivalent_observationname:k13-12_1843,1.42199,0.459157,0.335216,2.55314,1.88115,0.962831,-13517.3,165402,-2.02577e+06,0.0828665,151885,-178919,0.25235
oname:hds_otype:lst_usecol:simulatedequivalent_observationname:k13-12_1844,0.0416022,0.493326,-1.60994,1.05601,0.534929,-0.451724,-14190.5,173587,-2.12601e+06,-2.36153,159396,-187777,0.751589
oname:hds_otype:lst_usecol:simulatedequivalent_observationname:k13-12_1845,-1.83222,0.520207,-3.02233,-0.332557,-1.31201,-2.35242,-15178.7,185618,-2.27337e+06,-4.88849,170439,-200796,1.86616
oname:hds_otype:lst_usecol:simulatedequivalent_observationname:k13-12_1846,-2.79241,0.507636,-3.96809,-1.73963,-2.28477,-3.30005,-15838.4,193674,-2.37203e+06,-6.61181,177835,-209512,2.64372
oname:hds_otype:lst_usecol:simulatedequivalent_observationname:k13-12_1847,-3.9679,0.508742,-5.34239,-2.82972,-3.45916,-4.47664,-16806.7,205515,-2.51706e+06,-8.88205,188708,-222322,3.53966
oname:hds_otype:lst_usecol:simulatedequivalent_observationname:k13-12_1852,4.47545,0.501694,3.33187,5.63571,4.97715,3.97376,-21023.9,257477,-3.15344e+06,2.41313,236453,-278501,0.918737
oname:hds_otype:lst_usecol:simulatedequivalent_observationname:k13-12_1853,3.85168,0.540546,2.30494,5.1532,4.39223,3.31114,-21720.5,265960,-3.25734e+06,1.73424,244240,-287681,0.570699
oname:hds_otype:lst_usecol:simulatedequivalent_observationname:k13-12_1854,-0.657508,0.487125,-2.0686,0.584435,-0.170383,-1.14463,-23999.6,293650,-3.59648e+06,-4.99803,269650,-317649,2.92943
oname:hds_otype:lst_usecol:simulatedequivalent_observationname:k13-12_1855,3.25737,0.522935,1.82643,4.87029,3.7803,2.73443,-28568.5,349866,-4.28497e+06,0.439552,321298,-378435,1.38688
oname:hds_otype:lst_usecol:simulatedequivalent_observationname:k13-12_1856,-0.390931,0.499582,-1.78678,0.636099,0.108651,-0.890513,-30898.1,378211,-4.63214e+06,-3.55777,347313,-409109,1.77099
oname:hds_otype:lst_usecol:simulatedequivalent_observationname:k13-12_1857,-3.78435,0.532898,-5.28915,-2.21885,-3.25145,-4.31725,-32382.7,396253,-4.85312e+06,-9.56482,363871,-428636,4.27567
oname:hds_otype:lst_usecol:simulatedequivalent_observationname:k13-12_1861,-0.142769,0.522652,-1.562,1.3967,0.379883,-0.66542,-39370.9,481959,-5.90279e+06,-3.40675,442588,-521330,1.84475
oname:hds_otype:lst_usecol:simulatedequivalent_observationname:k14-02_1951,-5.58728,0.455405,-6.87158,-4.46525,-5.13187,-6.04268,-5395.92,65927.3,-807455,-6.90197,60531.4,-71323.3,0.0303883
oname:hds_otype:lst_usecol:simulatedequivalent_observationname:k14-03_1968,-7.4055,0.469575,-8.59857,-6.25993,-6.93593,-7.87508,-5297.46,64459.8,-789503,-10.0134,59162.4,-69757.3,1.41483
oname:hds_otype:lst_usecol:simulatedequivalent_observationname:k14-04_1987,-14.7915,0.551478,-16.2993,-13.5648,-14.24,-15.3429,-31951.9,387629,-4.74766e+06,-17.5856,355677,-419581,1.28634
oname:hds_otype:lst_usecol:simulatedequivalent_observationname:k14-04_1990,-7.57872,0.522264,-8.70184,-5.95656,-7.05645,-8.10098,-2935.49,35421,-433861,-15.4994,32485.5,-38356.5,6.79751
oname:hds_otype:lst_usecol:simulatedequivalent_observationname:k14-04_1994,-12.5501,0.500088,-13.6031,-11.2234,-12.05,-13.0502,-12566.6,153377,-1.87852e+06,-17.651,140811,-165944,4.04789
oname:hds_otype:lst_usecol:simulatedequivalent_observationname:k14-04_1998,-12.3667,0.508111,-13.5408,-11.0372,-11.8586,-12.8748,-19183.8,234382,-2.87063e+06,-14.7816,215198,-253566,1.24076
oname:hds_otype:lst_usecol:simulatedequivalent_observationname:k14-04_2004,-9.66729,0.509721,-10.9917,-8.52258,-9.15757,-10.177,-26213.6,320291,-3.9228e+06,-16.5447,294077,-346504,5.55299
oname:hds_otype:lst_usecol:simulatedequivalent_observationname:k14-04_2006,-13.534,0.512774,-14.7791,-12.2428,-13.0213,-14.0468,-27985.2,341746,-4.18559e+06,-18.6909,313761,-369731,3.91179
oname:hds_otype:lst_usecol:simulatedequivalent_observationname:k14-04_2009,-16.9514,0.496465,-18.3362,-15.7153,-16.4549,-17.4478,-29249.1,356357,-4.3646e+06,-22.0207,327108,-385607,3.68455
oname:hds_otype:lst_usecol:simulatedequivalent_observationname:k14-04_2010,-16.6037,0.501544,-18.0632,-15.358,-16.1021,-17.1052,-29346,357540,-4.37908e+06,-21.2973,328194,-386886,3.23414
oname:hds_otype:lst_usecol:simulatedequivalent_observationname:k14-04_52990,-18.8492,0.474948,-20.2257,-17.2908,-18.3743,-19.3242,-32404.8,392874,-4.81191e+06,-23.9761,360469,-425279,3.75035
oname:hds_otype:lst_usecol:simulatedequivalent_observationname:k14-04_53118,-22.4929,0.44069,-23.7209,-21.1386,-22.0522,-22.9336,-32660.3,395953,-4.84961e+06,-24.7713,363293,-428613,1.05039
oname:hds_otype:lst_usecol:simulatedequivalent_observationname:k15-01_2033,-5.25977,0.495145,-6.49403,-3.61455,-4.76462,-5.75491,-3751.97,45571.4,-558165,-7.81289,41819.4,-49323.4,1.31885
oname:hds_otype:lst_usecol:simulatedequivalent_observationname:k15-03_2088,-8.94692,0.480776,-10.1623,-7.73376,-8.46614,-9.42769,-2948.63,35575.5,-435753,-14.1631,32626.9,-38524.2,4.00081
oname:hds_otype:lst_usecol:simulatedequivalent_observationname:k15-06_52981,-18.8863,0.477768,-19.8214,-17.7243,-18.4085,-19.3641,-30892.2,374022,-4.58101e+06,-22.3106,343130,-404914,2.48921
oname:hds_otype:lst_usecol:simulatedequivalent_observationname:k15-06_53109,-23.1637,0.494767,-24.4086,-21.7973,-22.6689,-23.6584,-31014.7,375493,-4.59902e+06,-24.4226,344478,-406507,0.0139552
oname:hds_otype:lst_usecol:simulatedequivalent_observationname:k15-09_2180,45.8504,0.512541,44.5567,47.5015,46.3629,45.3378,91.2109,3.44549,78.0081,98.5133,94.6564,87.7654,30.5065
oname:hds_otype:lst_usecol:simulatedequivalent_observationname:k15-10_2192,-2.47947,0.499389,-4.09965,-1.23955,-1.98008,-2.97886,-1537.75,16901.3,-206347,-5.43826,15363.5,-18439,1.33862
oname:hds_otype:lst_usecol:simulatedequivalent_observationname:k15-10_2194,0.112861,0.489187,-1.14233,1.58133,0.602048,-0.376326,-2217.53,24513.9,-299427,-2.80889,22296.4,-26731.4,1.66656
oname:hds_otype:lst_usecol:simulatedequivalent_observationname:k15-10_2196,-0.39753,0.505147,-2.18857,0.766782,0.107618,-0.902677,-2651.96,29413.6,-359414,-15.091,26761.6,-32065.6,12.9025
oname:hds_otype:lst_usecol:simulatedequivalent_observationname:k15-10_52989,-3.25495,0.45873,-4.6574,-2.30237,-2.79622,-3.71368,-2895.29,32109.7,-392468,-23.1354,29214.4,-35005,18.478
oname:hds_otype:lst_usecol:simulatedequivalent_observationname:k15-10_53117,-4.6897,0.48938,-6.06789,-3.20412,-4.20032,-5.17908,-2968.62,32967.5,-402992,-31.3012,29998.9,-35936.1,25.2333
oname:hds_otype:lst_usecol:simulatedequivalent_observationname:l12-04_2313,-14.7811,0.479128,-16.032,-13.378,-14.302,-15.2602,-37996.8,462046,-5.65907e+06,-17.12,424049,-500042,1.08805
oname:hds_otype:lst_usecol:simulatedequivalent_observationname:l12-04_2315,-0.57639,0.547089,-2.20482,1.08951,-0.029301,-1.12348,-2181.43,26187,-320767,-11.7743,24005.6,-28368.4,9.56944
oname:hds_otype:lst_usecol:simulatedequivalent_observationname:l12-04_2316,-1.30736,0.493658,-2.37566,0.0472964,-0.813701,-1.80102,-3741.11,45441.9,-556578,-16.3669,41700.7,-49183,13.9912
oname:hds_otype:lst_usecol:simulatedequivalent_observationname:l12-04_2318,-4.40991,0.478899,-5.70319,-3.15775,-3.93101,-4.88881,-13721.4,167374,-2.04997e+06,-5.84668,153653,-181096,0.143489
oname:hds_otype:lst_usecol:simulatedequivalent_observationname:l12-04_2320,-5.12464,0.464085,-6.48678,-3.77523,-4.66056,-5.58873,-16954.8,207113,-2.53665e+06,-12.6438,190159,-224068,6.15701
oname:hds_otype:lst_usecol:simulatedequivalent_observationname:l12-04_2321,-5.80621,0.459766,-7.12719,-4.58826,-5.34644,-6.26597,-17855.3,218060,-2.67073e+06,-20.861,200204,-235915,13.7338
oname:hds_otype:lst_usecol:simulatedequivalent_observationname:l12-04_2324,-6.7812,0.470801,-7.90636,-5.35591,-6.3104,-7.252,-21371.2,261186,-3.1989e+06,-13.8796,239815,-282557,5.97319
oname:hds_otype:lst_usecol:simulatedequivalent_observationname:l12-04_2331,-8.6653,0.490285,-9.94576,-7.23035,-8.17502,-9.15559,-27619.6,337650,-4.1354e+06,-17.0258,310030,-365269,7.08008
oname:hds_otype:lst_usecol:simulatedequivalent_observationname:l12-04_2335,-8.48988,0.469998,-9.64325,-7.07528,-8.01988,-8.95988,-29837.1,364815,-4.4681e+06,-11.7706,334978,-394652,2.12733
oname:hds_otype:lst_usecol:simulatedequivalent_observationname:l12-04_2338,-8.87621,0.498493,-10.1741,-7.40763,-8.37772,-9.3747,-31770.4,388363,-4.75651e+06,-20.0657,356593,-420133,9.89152
oname:hds_otype:lst_usecol:simulatedequivalent_observationname:l12-04_2339,-9.4171,0.51026,-10.6509,-8.33379,-8.90684,-9.92736,-32191.3,393559,-4.82015e+06,-22.5492,361368,-425750,11.8983
oname:hds_otype:lst_usecol:simulatedequivalent_observationname:l12-04_2342,-9.99758,0.529926,-11.3888,-8.41415,-9.46766,-10.5275,-33560.2,410136,-5.02319e+06,-21.0005,376576,-443696,9.61177
oname:hds_otype:lst_usecol:simulatedequivalent_observationname:l12-04_2343,-10.4246,0.464255,-11.8292,-9.11401,-9.96038,-10.8889,-33885.6,414216,-5.07315e+06,-12.3659,380331,-448102,0.536788
oname:hds_otype:lst_usecol:simulatedequivalent_observationname:l12-04_2345,-10.6896,0.483597,-12.1354,-9.41171,-10.206,-11.1732,-34656.7,423207,-5.1833e+06,-14.2355,388550,-457864,2.10006
oname:hds_otype:lst_usecol:simulatedequivalent_observationname:l12-04_2346,-11.9647,0.506468,-13.3169,-10.5823,-11.4582,-12.4712,-35081.4,427963,-5.24159e+06,-23.8894,392882,-463045,10.5725
oname:hds_otype:lst_usecol:simulatedequivalent_observationname:l12-04_53232,-16.7304,0.502872,-18.0568,-15.4591,-16.2275,-17.2333,-38782,471163,-5.77077e+06,-29.4855,432381,-509945,11.4286
oname:hds_otype:lst_usecol:simulatedequivalent_observationname:l12-04_53234,-17.0036,0.457764,-18.0845,-15.869,-16.5458,-17.4613,-38990.6,473916,-5.80447e+06,-20.0561,434926,-512907,1.97152
oname:hds_otype:lst_usecol:simulatedequivalent_observationname:l12-04_53235,-17.6887,0.48579,-18.6997,-16.4895,-17.2029,-18.1745,-39119,475256,-5.8209e+06,-27.9802,436137,-514375,9.28042
oname:hds_otype:lst_usecol:simulatedequivalent_observationname:l12-05_2355,-3.96502,0.502204,-5.62531,-2.58054,-3.46281,-4.46722,-2059.99,24772.4,-303437,-19.0712,22712.4,-26832.4,13.4458
oname:hds_otype:lst_usecol:simulatedequivalent_observationname:l12-05_2358,-4.65633,0.482961,-5.59414,-3.13706,-4.17336,-5.13929,-5823.38,70902,-868403,-16.8424,65078.6,-76725.4,11.2482
oname:hds_otype:lst_usecol:simulatedequivalent_observationname:l12-05_2361,-5.08753,0.473266,-6.22499,-3.93078,-4.61427,-5.5608,-8168.29,99698.2,-1.22108e+06,-10.473,91529.9,-107867,4.24799
oname:hds_otype:lst_usecol:simulatedequivalent_observationname:l12-05_2362,-6.47289,0.490202,-7.61193,-5.43399,-5.98268,-6.96309,-8776.18,107078,-1.31146e+06,-17.7947,98301.7,-115854,10.1827
oname:hds_otype:lst_usecol:simulatedequivalent_observationname:l12-05_2366,-6.14731,0.461519,-7.37968,-5.05075,-5.68579,-6.60883,-11648.5,142219,-1.74186e+06,-15.9604,130570,-153867,8.58067
oname:hds_otype:lst_usecol:simulatedequivalent_observationname:l12-05_2370,-6.03933,0.467743,-7.21817,-4.92382,-5.57158,-6.50707,-13888.8,169659,-2.07792e+06,-10.7569,155770,-183548,3.5387
oname:hds_otype:lst_usecol:simulatedequivalent_observationname:l12-05_2373,-6.58338,0.534649,-8.1531,-5.22684,-6.04873,-7.11803,-15489.4,189225,-2.31756e+06,-13.9937,173735,-204714,5.84057
oname:hds_otype:lst_usecol:simulatedequivalent_observationname:l12-05_2374,-8.17407,0.476442,-9.32339,-6.83509,-7.69763,-8.65052,-15899.1,194113,-2.37743e+06,-20.4237,178214,-210012,11.1003
oname:hds_otype:lst_usecol:simulatedequivalent_observationname:l12-05_2377,-8.79364,0.491662,-10.1913,-7.61756,-8.30198,-9.2853,-17600.3,214792,-2.63071e+06,-19.7632,197191,-232392,9.57198
oname:hds_otype:lst_usecol:simulatedequivalent_observationname:l12-05_2379,-7.72353,0.512391,-9.01509,-6.467,-7.21114,-8.23592,-18575.4,226450,-2.77351e+06,-11.2339,207875,-245025,2.21881
oname:hds_otype:lst_usecol:simulatedequivalent_observationname:l12-05_2380,-11.8017,0.501049,-13.245,-10.229,-11.3007,-12.3028,-18943.4,230529,-2.8235e+06,-20.3068,211586,-249473,7.06178
oname:hds_otype:lst_usecol:simulatedequivalent_observationname:l12-06_13,0.0194109,0.515289,-1.42535,1.27807,0.5347,-0.495878,-714.783,8335.29,-102076,-2.61942,7620.5,-9050.07,1.19407
oname:hds_otype:lst_usecol:simulatedequivalent_observationname:l12-06_14,-0.243892,0.454379,-1.43202,0.784971,0.210487,-0.69827,-768.712,8941.99,-109509,-3.76273,8173.28,-9710.71,2.33071
oname:hds_otype:lst_usecol:simulatedequivalent_observationname:l12-06_15,-0.524958,0.492615,-1.67364,0.78078,-0.0323424,-1.01757,-822.717,9554.21,-117009,-4.99889,8731.49,-10376.9,3.32525
oname:hds_otype:lst_usecol:simulatedequivalent_observationname:l12-06_16,-0.952251,0.53985,-2.72839,0.378342,-0.412401,-1.4921,-873.852,10133.2,-124102,-5.62684,9259.36,-11007.1,2.89845
oname:hds_otype:lst_usecol:simulatedequivalent_observationname:l12-06_17,-1.57076,0.487926,-2.76587,-0.383173,-1.08284,-2.05869,-925.773,10717,-131255,-5.75874,9791.27,-11642.8,2.99287
oname:hds_otype:lst_usecol:simulatedequivalent_observationname:l12-06_18,-2.27622,0.511946,-3.45513,-0.5595,-1.76428,-2.78817,-977.125,11286.7,-138235,-5.9,10309.6,-12263.8,2.44488
oname:hds_otype:lst_usecol:simulatedequivalent_observationname:l12-06_19,-3.05172,0.506104,-4.42116,-1.76373,-2.54562,-3.55782,-1025.2,11824.9,-144830,-5.98411,10799.7,-12850.1,1.56295
oname:hds_otype:lst_usecol:simulatedequivalent_observationname:l12-06_20,-3.90813,0.493731,-5.05246,-2.60094,-3.4144,-4.40186,-1072.64,12367.4,-151475,-6.01565,11294.7,-13440,0.963195
oname:hds_otype:lst_usecol:simulatedequivalent_observationname:l12-06_21,-4.58729,0.471563,-5.91506,-3.55305,-4.11573,-5.05886,-1116.34,12879.4,-157748,-5.95832,11763.1,-13995.8,0.0432601
oname:hds_otype:lst_usecol:simulatedequivalent_observationname:l12-06_3,0.250946,0.474307,-0.934504,1.51227,0.725252,-0.223361,-124.814,1393.87,-17072.4,-1.22857,1269.06,-1518.69,0.294063
oname:hds_otype:lst_usecol:simulatedequivalent_observationname:l12-06_4,0.153885,0.534443,-1.08514,1.81127,0.688328,-0.380558,-192.995,2147.15,-26299.3,-3.19024,1954.15,-2340.14,2.10511
oname:hds_otype:lst_usecol:simulatedequivalent_observationname:l12-06_5,-0.210701,0.472667,-1.3599,1.58288,0.261966,-0.683368,-261.295,2908.91,-35630,-4.97602,2647.62,-3170.21,3.61612
oname:hds_otype:lst_usecol:simulatedequivalent_observationname:l12-06_6,-0.812262,0.502649,-2.16122,0.65401,-0.309613,-1.31491,-328.004,3654.58,-44763.6,-5.61488,3326.57,-3982.58,3.45366
oname:hds_otype:lst_usecol:simulatedequivalent_observationname:l12-06_7,-1.24162,0.523027,-2.82633,-0.0544275,-0.718596,-1.76465,-390.669,4361.42,-53421.5,-5.75986,3970.76,-4752.09,2.93353
oname:hds_otype:lst_usecol:simulatedequivalent_observationname:l12-06_8,-1.91322,0.503815,-3.03593,-0.498779,-1.40941,-2.41704,-453.138,5076.26,-62176.6,-5.82707,4623.12,-5529.39,2.79114
oname:hds_otype:lst_usecol:simulatedequivalent_observationname:l12-06_9,-1.56684,0.515424,-2.79524,-0.0379596,-1.05142,-2.08227,-501.863,5751.77,-70440.9,-3.81845,5249.91,-6253.64,1.02321
oname:hds_otype:lst_usecol:simulatedequivalent_observationname:l13-03_2435,-3.87864,0.516197,-5.2494,-2.44001,-3.36244,-4.39484,-1619.99,19598.8,-240055,-7.29753,17978.8,-21218.8,2.04812
oname:hds_otype:lst_usecol:simulatedequivalent_observationname:l13-03_2440,-6.31009,0.491296,-7.77603,-4.75771,-5.8188,-6.80139,-13211.8,160991,-1.9718e+06,-9.22734,147780,-174203,1.4513
oname:hds_otype:lst_usecol:simulatedequivalent_observationname:m13-03_2663,-12.4834,0.51674,-14.1323,-11.2557,-11.9667,-13.0002,-3458.18,41790.7,-511875,-20.9656,38332.5,-45248.9,6.8333
oname:hds_otype:lst_usecol:simulatedequivalent_observationname:m13-03_2665,-12.8241,0.498642,-14.1421,-11.4357,-12.3254,-13.3227,-8303.61,101040,-1.23753e+06,-21.7574,92735.9,-109343,7.61535
oname:hds_otype:lst_usecol:simulatedequivalent_observationname:m13-06_2709,1.5359,0.504656,0.195496,2.7212,2.04056,1.03125,-2380.1,29021.6,-355450,0.107864,26641.5,-31401.7,0.087632
oname:hds_otype:lst_usecol:simulatedequivalent_observationname:m13-07_2722,-0.5398,0.495726,-1.92682,0.928174,-0.0440736,-1.03553,-238.121,2805.59,-34370.2,-3.09124,2567.47,-3043.71,1.16442
oname:hds_otype:lst_usecol:simulatedequivalent_observationname:m13-07_2726,-1.62066,0.509685,-2.67292,-0.41473,-1.11098,-2.13035,-1644.39,19651.9,-240695,-4.04446,18007.5,-21296.3,1.37153
oname:hds_otype:lst_usecol:simulatedequivalent_observationname:m13-07_2727,-2.45624,0.5103,-4.0815,-1.15167,-1.94594,-2.96654,-1978.15,23294,-285261,-8.66579,21315.9,-25272.2,4.58429
oname:hds_otype:lst_usecol:simulatedequivalent_observationname:m13-07_2730,-3.35527,0.525165,-4.81838,-1.86567,-2.8301,-3.88043,-2833.22,32822.4,-401638,-6.16004,29989.2,-35655.6,1.34166
oname:hds_otype:lst_usecol:simulatedequivalent_observationname:m13-10_2828,-7.40231,0.492545,-8.5669,-6.29886,-6.90976,-7.89485,-6620.92,80584.8,-986999,-11.2848,73963.9,-87205.7,2.71792
oname:hds_otype:lst_usecol:simulatedequivalent_observationname:m13-10_2829,-6.20852,0.504034,-7.40162,-4.68684,-5.70449,-6.71256,-8068.87,98259.4,-1.20347e+06,-15.916,90190.5,-106328,8.51442
oname:hds_otype:lst_usecol:simulatedequivalent_observationname:m13-10_2830,-3.28938,0.453976,-4.51311,-1.9945,-2.8354,-3.74335,-9846.77,120220,-1.47242e+06,-11.3253,110373,-130067,6.81223
oname:hds_otype:lst_usecol:simulatedequivalent_observationname:m13-10_2835,-6.60027,0.470831,-7.68711,-5.21015,-6.12944,-7.0711,-31323.5,383122,-4.69231e+06,-15.4316,351799,-414446,7.74445
oname:hds_otype:lst_usecol:simulatedequivalent_observationname:m13-10_2837,-7.58599,0.424753,-8.88308,-6.70346,-7.16124,-8.01075,-40078.7,490490,-6.00728e+06,-11.0144,450411,-530568,2.1313
oname:hds_otype:lst_usecol:simulatedequivalent_observationname:m13-12_2946,-1.47984,0.463656,-2.8556,-0.290108,-1.01619,-1.9435,-974.18,10843.7,-132592,-3.21143,9869.49,-11817.9,0.355829
oname:hds_otype:lst_usecol:simulatedequivalent_observationname:m13-12_2947,-1.48512,0.502644,-2.77589,-0.0476272,-0.982476,-1.98776,-982.859,10939.4,-133758,-3.23255,9956.59,-11922.3,0.456655
oname:hds_otype:lst_usecol:simulatedequivalent_observationname:m13-14_2983,-6.73202,0.487167,-8.06283,-5.44037,-6.24485,-7.21918,-1035.91,10833.1,-131567,-9.89737,9797.16,-11869,1.83454
oname:hds_otype:lst_usecol:simulatedequivalent_observationname:m13-14_2985,-5.71308,0.533285,-6.88719,-4.30396,-5.1798,-6.24637,-1385.45,14749.5,-179454,-8.55071,13364.1,-16135,1.66352
oname:hds_otype:lst_usecol:simulatedequivalent_observationname:m13-14_2987,-6.0556,0.458982,-7.37638,-4.86087,-5.59661,-6.51458,-1552.21,16579.2,-201882,-10.45,15026.9,-18131.4,3.07367
oname:hds_otype:lst_usecol:simulatedequivalent_observationname:m13-14_2990,-6.10926,0.526471,-7.65831,-5.05441,-5.58279,-6.63574,-481.173,4556.07,-55215.8,-21.59,4074.89,-5037.24,13.9317
oname:hds_otype:lst_usecol:simulatedequivalent_observationname:m13-14_52734,-8.76133,0.521478,-10.0797,-7.55902,-8.23985,-9.2828,-1563.3,16503.1,-200977,-18.4537,14939.8,-18066.4,8.37395
oname:hds_otype:lst_usecol:simulatedequivalent_observationname:m13-14_53179,-10.3185,0.507741,-11.4001,-8.9548,-9.8108,-10.8263,-1427.37,14902,-181291,-20.8125,13474.6,-16329.4,9.41235
oname:hds_otype:lst_usecol:simulatedequivalent_observationname:m18-02_3208,5.15466,0.466487,3.80927,6.29942,5.62115,4.68817,28.163,15.4561,8.36967,79.6923,43.6191,12.7069,2.07025
oname:hds_otype:lst_usecol:simulatedequivalent_observationname:m18-02_3210,10.9235,0.537724,9.855,12.2523,11.4612,10.3857,39.1824,20.3072,16.2517,149.726,59.4895,18.8752,3.99938
oname:hds_otype:lst_usecol:simulatedequivalent_observationname:m18-02_3212,11.8147,0.451815,10.8213,12.9656,12.2665,11.3629,38.529,20.5883,15.7333,159.971,59.1173,17.9408,2.76769
oname:hds_otype:lst_usecol:simulatedequivalent_observationname:m18-02_3214,7.35216,0.550137,6.12138,9.03889,7.90229,6.80202,29.4507,19.7218,9.09486,153.637,49.1725,9.72887,0.0559747
oname:hds_otype:lst_usecol:simulatedequivalent_observationname:m18-02_3216,4.35524,0.455445,3.39076,5.69482,4.81068,3.89979,32.7707,19.3228,9.7202,155.148,52.0935,13.4479,4.02537
oname:hds_otype:lst_usecol:simulatedequivalent_observationname:m18-02_3218,9.26663,0.470252,8.01569,10.2921,9.73688,8.79638,38.2858,20.6001,14.9597,159.146,58.8859,17.6857,4.66759
oname:hds_otype:lst_usecol:simulatedequivalent_observationname:m18-02_3220,7.4231,0.512943,6.24929,8.76543,7.93604,6.91016,33.2361,19.0542,10.9021,155.618,52.2903,14.1819,2.13671
oname:hds_otype:lst_usecol:simulatedequivalent_observationname:m18-05_3273,0.469171,0.533337,-1.55191,1.58879,1.00251,-0.0641659,77.3898,611.329,4.4926,7510.31,688.719,-533.94,2.9038
oname:hds_otype:lst_usecol:simulatedequivalent_observationname:m18-05_3277,-2.9853,0.498184,-4.29476,-1.73494,-2.48712,-3.48349,359.189,4069.34,4.50115,49865.3,4428.53,-3710.15,6.23608
oname:hds_otype:lst_usecol:simulatedequivalent_observationname:m18-05_3278,-2.30519,0.460344,-3.31329,-0.938759,-1.84485,-2.76553,475.16,5437.33,0.373699,66578.3,5912.49,-4962.17,1.31246
oname:hds_otype:lst_usecol:simulatedequivalent_observationname:n13-02_3357,70.3636,0.494057,69.1438,71.7009,70.8577,69.8696,100.905,3.26947,87.6968,115.044,104.175,97.6359,15.9959
oname:hds_otype:lst_usecol:simulatedequivalent_observationname:n13-02_3373,-15.9278,0.494128,-17.3038,-14.8132,-15.4337,-16.422,0.64516,1.21143,-7.30745,4.70175,1.85659,-0.566266,7.50573
oname:hds_otype:lst_usecol:simulatedequivalent_observationname:n13-02_3375,-12.3651,0.465845,-13.4811,-10.8258,-11.8992,-12.8309,-0.485901,0.752718,-2.45774,3.12168,0.266817,-1.23862,8.36801
oname:hds_otype:lst_usecol:simulatedequivalent_observationname:n13-02_3377,-16.2185,0.482934,-17.6435,-15.068,-15.7356,-16.7015,-5.51867,2.55261,-14.1747,-1.18479,-2.96606,-8.07128,0.893268
oname:hds_otype:lst_usecol:simulatedequivalent_observationname:n13-02_3379,-19.6021,0.52061,-20.9633,-18.2994,-19.0815,-20.1227,-1.39989,1.33649,-8.26009,0.462708,-0.0633983,-2.73637,10.0393
oname:hds_otype:lst_usecol:simulatedequivalent_observationname:n13-02_3381,-17.8174,0.469917,-19.3692,-16.6757,-17.3474,-18.2873,0.189675,0.704146,-2.49663,2.30344,0.893822,-0.514471,14.1791
oname:hds_otype:lst_usecol:simulatedequivalent_observationname:n13-02_3383,-21.16,0.501484,-22.473,-19.7758,-20.6585,-21.6615,-2.3465,3.04519,-13.4328,1.10046,0.698685,-5.39169,6.34294
oname:hds_otype:lst_usecol:simulatedequivalent_observationname:n13-04_3430,-1.22033,0.474216,-2.53818,0.269905,-0.746116,-1.69455,-1316.43,15388.9,-188535,-13.9215,14072.5,-16705.4,11.3834
oname:hds_otype:lst_usecol:simulatedequivalent_observationname:n13-04_3435,-6.54958,0.480783,-8.02287,-5.46221,-6.06879,-7.03036,-7314.66,88504.2,-1.08403e+06,-10.7447,81189.5,-95818.8,2.72182
oname:hds_otype:lst_usecol:simulatedequivalent_observationname:n13-04_3436,-9.12288,0.447152,-10.4709,-7.55096,-8.67573,-9.57003,-7666,91973,-1.12656e+06,-20.872,84307,-99639,10.4011
oname:hds_otype:lst_usecol:simulatedequivalent_observationname:n13-04_3439,-12.4525,0.507327,-13.7344,-11.076,-11.9452,-12.9599,-8421.1,99878.5,-1.22328e+06,-21.1723,91457.4,-108300,7.43793
oname:hds_otype:lst_usecol:simulatedequivalent_observationname:n13-06_3490,-28.9497,0.470784,-29.9645,-27.8681,-28.4789,-29.4204,-28199.6,340635,-4.17211e+06,-37.2222,312436,-368835,7.25773
oname:hds_otype:lst_usecol:simulatedequivalent_observationname:n13-06_3492,-13.9691,0.487687,-15.2572,-12.8509,-13.4815,-14.4568,-28324.3,342034,-4.18924e+06,-34.0781,313710,-370358,18.8209
oname:hds_otype:lst_usecol:simulatedequivalent_observationname:n13-06_3493,-15.0862,0.502996,-16.5745,-13.6127,-14.5832,-15.5892,-28299.9,342036,-4.18924e+06,-25.1913,313737,-370336,8.6168
oname:hds_otype:lst_usecol:simulatedequivalent_observationname:n13-06_3495,-9.903,0.499758,-11.5947,-8.74645,-9.40325,-10.4028,-3405.06,40831.3,-500150,-34.0453,37426.2,-44236.4,22.4506
oname:hds_otype:lst_usecol:simulatedequivalent_observationname:n13-06_3496,-1.44208,0.501163,-3.25479,0.180654,-0.940919,-1.94325,-5233.43,63780.5,-781174,-12.9095,58547,-69013.9,9.65468
oname:hds_otype:lst_usecol:simulatedequivalent_observationname:n13-06_3497,-12.9274,0.539146,-14.3096,-11.2071,-12.3883,-13.4666,-7780.76,94241.2,-1.1543e+06,-41.5563,86460.4,-102022,27.2467
oname:hds_otype:lst_usecol:simulatedequivalent_observationname:n13-06_3498,-6.27311,0.4334,-7.26197,-5.04533,-5.83971,-6.70651,-9944.65,121223,-1.48471e+06,-22.3277,111278,-131167,15.0657
oname:hds_otype:lst_usecol:simulatedequivalent_observationname:n13-06_3499,-19.4687,0.489235,-20.4292,-18.2164,-18.9795,-19.958,-11853.2,143982,-1.76351e+06,-42.6407,132129,-155836,22.2115
oname:hds_otype:lst_usecol:simulatedequivalent_observationname:n13-06_3500,-7.47008,0.470639,-8.90425,-6.25729,-6.99944,-7.94072,-13620,166381,-2.03778e+06,-17.9052,152761,-180001,9.00098
oname:hds_otype:lst_usecol:simulatedequivalent_observationname:n13-06_3501,-16.2485,0.499398,-17.6191,-14.8448,-15.7491,-16.7479,-15564.6,189750,-2.32402e+06,-34.7456,174185,-205314,17.1265
oname:hds_otype:lst_usecol:simulatedequivalent_observationname:n13-06_3503,-22.9926,0.491688,-24.0063,-21.5281,-22.5009,-23.4843,-18332.8,223530,-2.73775e+06,-38.6316,205197,-241862,14.6253
oname:hds_otype:lst_usecol:simulatedequivalent_observationname:n13-06_3505,-26.79,0.520683,-28.1838,-24.4109,-26.2693,-27.3107,-20681.2,252137,-3.08813e+06,-42.2051,231456,-272818,14.0214
oname:hds_otype:lst_usecol:simulatedequivalent_observationname:n13-06_3507,-25.7946,0.490448,-27.3226,-24.5755,-25.3042,-26.2851,-22673.2,276479,-3.38626e+06,-39.9699,253806,-299152,12.6473
oname:hds_otype:lst_usecol:simulatedequivalent_observationname:n13-06_3508,-25.6518,0.521861,-27.0196,-24.1809,-25.1299,-26.1737,-22673.2,276479,-3.38626e+06,-39.9699,253806,-299152,12.9503
oname:hds_otype:lst_usecol:simulatedequivalent_observationname:n13-06_3510,-26.3301,0.542937,-27.6066,-24.9973,-25.7871,-26.873,-24193.6,295071,-3.61396e+06,-37.3452,270877,-319264,9.7386
oname:hds_otype:lst_usecol:simulatedequivalent_observationname:n13-06_3514,-38.486,0.493871,-39.4687,-36.4797,-37.9921,-38.9798,-26519.5,322534,-3.95039e+06,-47.6048,296014,-349053,8.1361
oname:hds_otype:lst_usecol:simulatedequivalent_observationname:n13-06_3516,-46.3724,0.527951,-48.1325,-44.8611,-45.8445,-46.9004,-27352.8,331172,-4.05624e+06,-52.3226,303819,-358525,4.1901
oname:hds_otype:lst_usecol:simulatedequivalent_observationname:n13-06_52911,-40.0165,0.487616,-41.2577,-38.5548,-39.5289,-40.5041,-28316.7,341665,-4.18474e+06,-49.2793,313348,-369982,8.02167
oname:hds_otype:lst_usecol:simulatedequivalent_observationname:n13-06_52912,-10.4219,0.502507,-11.8656,-9.26387,-9.91936,-10.9244,-28192.6,340913,-4.17547e+06,-13.1026,312720,-369105,1.23695
oname:hds_otype:lst_usecol:simulatedequivalent_observationname:n13-06_53079,-20.7141,0.512722,-22.189,-19.6736,-20.2014,-21.2269,-28139.6,339604,-4.15949e+06,-46.6,311464,-367743,24.411
oname:hds_otype:lst_usecol:simulatedequivalent_observationname:n13-07_3518,-8.09732,0.545561,-9.66571,-6.5734,-7.55176,-8.64288,-1033.42,10746.6,-130482,-12.8239,9713.16,-11780,3.15822
oname:hds_otype:lst_usecol:simulatedequivalent_observationname:n13-07_3520,-1.91154,0.472682,-3.25584,-0.627978,-1.43886,-2.38423,-1377.6,14609.3,-177702,-10.6017,13231.7,-15986.9,7.3459
oname:hds_otype:lst_usecol:simulatedequivalent_observationname:n13-07_3522,4.17199,0.478867,2.91151,5.52906,4.65086,3.69313,-1537.51,16386.7,-199485,-5.11488,14849.2,-17924.2,8.02639
oname:hds_otype:lst_usecol:simulatedequivalent_observationname:n13-07_3523,10.4207,0.509366,9.07105,12.34,10.9301,9.91133,-1530.39,16540.3,-201358,2.78734,15009.9,-18070.7,6.2837
oname:hds_otype:lst_usecol:simulatedequivalent_observationname:n13-07_3525,-13.8113,0.527412,-15.2186,-12.5673,-13.2839,-14.3387,-484.471,4524.78,-54825.4,-25.7528,4040.31,-5009.26,10.5342
oname:hds_otype:lst_usecol:simulatedequivalent_observationname:n13-07_52733,-8.90878,0.4673,-10.0363,-7.74268,-8.44148,-9.37608,-1548.34,16258.5,-197940,-23.1084,14710.2,-17806.9,13.0721
oname:hds_otype:lst_usecol:simulatedequivalent_observationname:n13-07_53178,-1.48105,0.516886,-2.82396,-0.0691328,-0.964165,-1.99794,-1405.94,14615.9,-177733,-20.9593,13210,-16021.8,18.1354
oname:hds_otype:lst_usecol:simulatedequivalent_observationname:o14-01_3891,2.94961,0.467023,1.65762,3.92373,3.41663,2.48258,16.6265,15.5366,7.29725,192.949,32.1631,1.08992,3.37353
oname:hds_otype:lst_usecol:simulatedequivalent_observationname:o14-01_3893,0.244331,0.486125,-0.839995,1.84891,0.730457,-0.241794,12.0474,16.6136,4.37222,211.338,28.661,-4.5662,2.52332
oname:hds_otype:lst_usecol:simulatedequivalent_observationname:o14-01_3897,-3.56781,0.511783,-4.94558,-2.25821,-3.05603,-4.0796,5.12777,17.106,0.616972,212.392,22.2337,-11.9782,2.87519
oname:hds_otype:lst_usecol:simulatedequivalent_observationname:o15-01_3958,5.80516,0.51861,4.50567,7.44171,6.32377,5.28655,-424.292,5142.86,-62991.3,2.62891,4718.57,-5567.15,1.87676
oname:hds_otype:lst_usecol:simulatedequivalent_observationname:o17-01_3982,15.7935,0.524403,14.7174,17.3278,16.3179,15.2691,-182438,2.22199e+06,-2.72144e+07,7.62491,2.03955e+06,-2.40443e+06,7.09249
oname:hds_otype:lst_usecol:simulatedequivalent_observationname:q18-01_4001,5.3955,0.423527,3.92268,6.63636,5.81903,4.97197,-147.18,52.6611,-299.071,-15.9804,-94.5191,-199.841,19.9031
oname:hds_otype:lst_usecol:simulatedequivalent_observationname:q18-01_4016,-1.43289,0.475227,-2.84282,-0.122342,-0.957658,-1.90811,-40.049,13.0895,-132.119,-15.4652,-26.9596,-53.1385,12.6223
oname:hds_otype:lst_usecol:simulatedequivalent_observationname:q18-01_4018,-11.6323,0.462853,-13.5269,-10.5686,-11.1694,-12.0951,-24800.1,302442,-3.70425e+06,-20.4686,277642,-327242,6.94166
oname:hds_otype:lst_usecol:simulatedequivalent_observationname:q18-01_4026,-2.62758,0.462957,-3.91114,-1.64231,-2.16462,-3.09053,-386101,4.72741e+06,-5.78988e+07,-9.36877,4.34131e+06,-5.11351e+06,5.45763
oname:hds_otype:lst_usecol:simulatedequivalent_observationname:q18-01_4030,-12.2807,0.496607,-13.8007,-10.6097,-11.7841,-12.7773,-357078,4.37176e+06,-5.3543e+07,-43.3289,4.01468e+06,-4.72883e+06,29.5282
